{"mAP": 0.9232300354364882, "precision": 0.9999879742363615, "recall": 0.4625153818956816}